{
  "type": "panel",
  "name": "Map Panel",
  "id": "grafana-map-panel",
  "info": {
    "description": "Grafana Map Panel. Displays time series data or geohash data on a world map.",
    "author": {
      "name": "Grafana Labs",
      "url": "https://grafana.com"
    },
    "keywords": [
      "map",
      "panel",
      "worldmap"
    ],
    "logos": {
      "small": "images/worldmap_logo.svg",
      "large": "images/worldmap_logo.svg"
    },
    "links": [
      {
        "name": "Project site",
        "url": "https://github.com/panodata/grafana-map-panel"
      },
      {
        "name": "MIT License",
        "url": "https://github.com/panodata/grafana-map-panel/blob/master/LICENSE"
      }
    ],
    "screenshots": [
      {
        "name": "World",
        "path": "images/worldmap-world.png"
      },
      {
        "name": "USA",
        "path": "images/worldmap-usa.png"
      },
      {
        "name": "Light Theme",
        "path": "images/worldmap-light-theme.png"
      }
    ],
    "version": "0.15.0",
    "updated": "2021-07-05",
    "build": {
      "time": 1625479013056,
      "branch": "develop",
      "hash": "c74d0fc492f83773bc58697e523fc0cbd71f62f5"
    }
  },
  "dependencies": {
    "grafanaVersion": ">=6.0.0",
    "grafanaDependency": ">=6.0.0",
    "plugins": []
  }
}